competitor,url,focus,plan_name,monthly_price,annual_price,users_included,projects_limit,notes,last_checked
HoneyBook,https://www.honeybook.com/pricing,Creativos,,,,,,
Dubsado,https://www.dubsado.com/pricing,Freelancers/agencias,,,,,,
17hats,https://www.17hats.com/pricing,Creativos,,,,,,
Studio Ninja,https://www.studioninja.co/pricing,Fotógrafos,,,,,,
Sprout Studio,https://www.sproutstudio.com/pricing,Fotógrafos,,,,,,
Táve,https://tave.com/pricing,Fotógrafos,,,,,,
Pixieset Studio Manager,https://www.pixieset.com/studio-manager/pricing,Fotógrafos,,,,,,
ShootQ,https://shootq.com/pricing,Fotógrafos,,,,,,
